algorithm,n,repeat,operation,operations,elapsed_seconds,false_positives,false_negatives,structure_bytes,status,error,worker_pid
linear,1000,0,build,1000,0.000876917,,,56447,ok,,6012
linear,1000,0,lookup_hit,1000,0.0033506660000000004,0,0,56447,ok,,6012
linear,1000,0,lookup_miss,1000,0.006769252,0,0,56447,ok,,6012
binary,1000,0,build,1000,0.000581666,,,56447,ok,,6012
binary,1000,0,lookup_hit,1000,0.0006363759999999999,0,0,56447,ok,,6012
binary,1000,0,lookup_miss,1000,0.0006906239999999999,0,0,56447,ok,,6012
hash,1000,0,build,1000,0.000880291,,,59290,ok,,6013
hash,1000,0,lookup_hit,1000,0.00022395900000000003,0,0,59290,ok,,6013
hash,1000,0,lookup_miss,1000,0.0008527510000000001,0,0,59290,ok,,6013
bloom,1000,0,build,1000,0.001508166,,,1879,ok,,6013
bloom,1000,0,lookup_hit,1000,0.0011413740000000001,0,0,1879,ok,,6013
bloom,1000,0,lookup_miss,1000,0.000580999,41,0,1879,ok,,6013
cuckoo,1000,0,build,1000,0.000759083,,,39211,ok,,6013
cuckoo,1000,0,lookup_hit,1000,0.000310002,0,0,39211,ok,,6013
cuckoo,1000,0,lookup_miss,1000,0.00032566699999999997,13,0,39211,ok,,6013
linear,1000,1,build,1000,0.000355834,,,56447,ok,,6013
linear,1000,1,lookup_hit,1000,0.003495459,0,0,56447,ok,,6013
linear,1000,1,lookup_miss,1000,0.006848625999999999,0,0,56447,ok,,6013
binary,1000,1,build,1000,0.000509583,,,56439,ok,,6012
binary,1000,1,lookup_hit,1000,0.000592708,0,0,56439,ok,,6012
binary,1000,1,lookup_miss,1000,0.00059304,0,0,56439,ok,,6012
hash,1000,1,build,1000,0.00069325,,,59282,ok,,6013
hash,1000,1,lookup_hit,1000,0.000259712,0,0,59282,ok,,6013
hash,1000,1,lookup_miss,1000,0.000981831,0,0,59282,ok,,6013
bloom,1000,1,build,1000,0.001430833,,,1879,ok,,6012
bloom,1000,1,lookup_hit,1000,0.0011804149999999998,0,0,1879,ok,,6012
bloom,1000,1,lookup_miss,1000,0.000595666,41,0,1879,ok,,6012
cuckoo,1000,1,build,1000,0.000724167,,,39211,ok,,6012
cuckoo,1000,1,lookup_hit,1000,0.000344167,0,0,39211,ok,,6012
cuckoo,1000,1,lookup_miss,1000,0.00036191600000000005,13,0,39211,ok,,6012
linear,1000,2,build,1000,0.000494959,,,56439,ok,,6012
linear,1000,2,lookup_hit,1000,0.0036978740000000007,0,0,56439,ok,,6012
linear,1000,2,lookup_miss,1000,0.006947043,0,0,56439,ok,,6012
binary,1000,2,build,1000,0.000541667,,,56431,ok,,6012
binary,1000,2,lookup_hit,1000,0.0005592920000000001,0,0,56431,ok,,6012
binary,1000,2,lookup_miss,1000,0.000560334,0,0,56431,ok,,6012
hash,1000,2,build,1000,0.000622208,,,59274,ok,,6013
hash,1000,2,lookup_hit,1000,0.00023458400000000003,0,0,59274,ok,,6013
hash,1000,2,lookup_miss,1000,0.000886625,0,0,59274,ok,,6013
bloom,1000,2,build,1000,0.001303916,,,1871,ok,,6013
bloom,1000,2,lookup_hit,1000,0.00111237,0,0,1871,ok,,6013
bloom,1000,2,lookup_miss,1000,0.0005816250000000001,41,0,1871,ok,,6013
cuckoo,1000,2,build,1000,0.000758375,,,39203,ok,,6013
cuckoo,1000,2,lookup_hit,1000,0.00033041399999999996,0,0,39203,ok,,6013
cuckoo,1000,2,lookup_miss,1000,0.00034270800000000005,13,0,39203,ok,,6013
linear,10000,0,build,10000,0.001777667,,,560431,ok,,6012
linear,10000,0,lookup_hit,1000,0.034639293,0,0,560431,ok,,6012
linear,10000,0,lookup_miss,1000,0.06773449899999999,0,0,560431,ok,,6012
binary,10000,0,build,10000,0.002588916,,,560423,ok,,6012
binary,10000,0,lookup_hit,1000,0.0008306670000000001,0,0,560423,ok,,6012
binary,10000,0,lookup_miss,1000,0.000823292,0,0,560423,ok,,6012
hash,10000,0,build,10000,0.003669875,,,587266,ok,,6013
hash,10000,0,lookup_hit,1000,0.000233291,0,0,587266,ok,,6013
hash,10000,0,lookup_miss,1000,0.0005438759999999999,0,0,587266,ok,,6013
bloom,10000,0,build,10000,0.011860041,,,12646,ok,,6013
bloom,10000,0,lookup_hit,1000,0.001169832,0,0,12646,ok,,6013
bloom,10000,0,lookup_miss,1000,0.0005759179999999999,48,0,12646,ok,,6013
cuckoo,10000,0,build,10000,0.004974125,,,286651,ok,,6013
cuckoo,10000,0,lookup_hit,1000,0.00033091800000000003,0,0,286651,ok,,6013
cuckoo,10000,0,lookup_miss,1000,0.000340874,23,0,286651,ok,,6013
linear,10000,1,build,10000,0.001945458,,,560439,ok,,6013
linear,10000,1,lookup_hit,1000,0.034221125000000005,0,0,560439,ok,,6013
linear,10000,1,lookup_miss,1000,0.06824841800000002,0,0,560439,ok,,6013
binary,10000,1,build,10000,0.002830333,,,560447,ok,,6013
binary,10000,1,lookup_hit,1000,0.0007960820000000003,0,0,560447,ok,,6013
binary,10000,1,lookup_miss,1000,0.0007916659999999999,0,0,560447,ok,,6013
hash,10000,1,build,10000,0.003497958,,,587258,ok,,6013
hash,10000,1,lookup_hit,1000,0.000241501,0,0,587258,ok,,6013
hash,10000,1,lookup_miss,1000,0.0005685839999999999,0,0,587258,ok,,6013
bloom,10000,1,build,10000,0.012077208,,,12638,ok,,6013
bloom,10000,1,lookup_hit,1000,0.001136747,0,0,12638,ok,,6013
bloom,10000,1,lookup_miss,1000,0.0005695829999999999,48,0,12638,ok,,6013
cuckoo,10000,1,build,10000,0.00466475,,,286643,ok,,6013
cuckoo,10000,1,lookup_hit,1000,0.00034225,0,0,286643,ok,,6013
cuckoo,10000,1,lookup_miss,1000,0.000344541,23,0,286643,ok,,6013
linear,10000,2,build,10000,0.001811583,,,560423,ok,,6012
linear,10000,2,lookup_hit,1000,0.034639540999999996,0,0,560423,ok,,6012
linear,10000,2,lookup_miss,1000,0.068062291,0,0,560423,ok,,6012
binary,10000,2,build,10000,0.002668,,,560439,ok,,6013
binary,10000,2,lookup_hit,1000,0.000881751,0,0,560439,ok,,6013
binary,10000,2,lookup_miss,1000,0.0008840830000000001,0,0,560439,ok,,6013
hash,10000,2,build,10000,0.003572666,,,587250,ok,,6013
hash,10000,2,lookup_hit,1000,0.00023616800000000006,0,0,587250,ok,,6013
hash,10000,2,lookup_miss,1000,0.0005805830000000002,0,0,587250,ok,,6013
bloom,10000,2,build,10000,0.011785958,,,12654,ok,,6012
bloom,10000,2,lookup_hit,1000,0.0011106650000000003,0,0,12654,ok,,6012
bloom,10000,2,lookup_miss,1000,0.000563292,48,0,12654,ok,,6012
cuckoo,10000,2,build,10000,0.004849334,,,286635,ok,,6013
cuckoo,10000,2,lookup_hit,1000,0.00033045800000000005,0,0,286635,ok,,6013
cuckoo,10000,2,lookup_miss,1000,0.000340835,23,0,286635,ok,,6013
linear,100000,0,build,100000,0.018224167,,,5600431,ok,,6013
linear,100000,0,lookup_hit,1000,0.348574542,0,0,5600431,ok,,6013
linear,100000,0,lookup_miss,1000,0.685244915,0,0,5600431,ok,,6013
binary,100000,0,build,100000,0.029188208,,,5600415,ok,,6012
binary,100000,0,lookup_hit,1000,0.001293123,0,0,5600415,ok,,6012
binary,100000,0,lookup_miss,1000,0.001216789,0,0,5600415,ok,,6012
hash,100000,0,build,100000,0.036943875,,,5867290,ok,,6012
hash,100000,0,lookup_hit,1000,0.000297833,0,0,5867290,ok,,6012
hash,100000,0,lookup_miss,1000,0.000713375,0,0,5867290,ok,,6012
bloom,100000,0,build,100000,0.115658917,,,120462,ok,,6013
bloom,100000,0,lookup_hit,1000,0.0011807069999999998,0,0,120462,ok,,6013
bloom,100000,0,lookup_miss,1000,0.000584,47,0,120462,ok,,6013
cuckoo,100000,0,build,100000,0.054179666,,,2279939,ok,,6012
cuckoo,100000,0,lookup_hit,1000,0.00035225400000000003,0,0,2279939,ok,,6012
cuckoo,100000,0,lookup_miss,1000,0.00035525,14,0,2279939,ok,,6012
linear,100000,1,build,100000,0.017875667,,,5600415,ok,,6012
linear,100000,1,lookup_hit,1000,0.35116320900000003,0,0,5600415,ok,,6012
linear,100000,1,lookup_miss,1000,0.685154208,0,0,5600415,ok,,6012
binary,100000,1,build,100000,0.030085333,,,5600431,ok,,6013
binary,100000,1,lookup_hit,1000,0.001162125,0,0,5600431,ok,,6013
binary,100000,1,lookup_miss,1000,0.0011847930000000002,0,0,5600431,ok,,6013
hash,100000,1,build,100000,0.035766792,,,5867282,ok,,6012
hash,100000,1,lookup_hit,1000,0.00028591600000000005,0,0,5867282,ok,,6012
hash,100000,1,lookup_miss,1000,0.000622419,0,0,5867282,ok,,6012
bloom,100000,1,build,100000,0.118369208,,,120454,ok,,6013
bloom,100000,1,lookup_hit,1000,0.0011816300000000001,0,0,120454,ok,,6013
bloom,100000,1,lookup_miss,1000,0.0006096669999999999,47,0,120454,ok,,6013
cuckoo,100000,1,build,100000,0.053653958,,,2279931,ok,,6012
cuckoo,100000,1,lookup_hit,1000,0.0003617510000000001,0,0,2279931,ok,,6012
cuckoo,100000,1,lookup_miss,1000,0.0003637509999999999,14,0,2279931,ok,,6012
linear,100000,2,build,100000,0.01710825,,,5600407,ok,,6012
linear,100000,2,lookup_hit,1000,0.342283627,0,0,5600407,ok,,6012
linear,100000,2,lookup_miss,1000,0.6689613719999999,0,0,5600407,ok,,6012
binary,100000,2,build,100000,0.028603291,,,5600407,ok,,6012
binary,100000,2,lookup_hit,1000,0.00113746,0,0,5600407,ok,,6012
binary,100000,2,lookup_miss,1000,0.001291583,0,0,5600407,ok,,6012
hash,100000,2,build,100000,0.037926542,,,5867274,ok,,6012
hash,100000,2,lookup_hit,1000,0.000289958,0,0,5867274,ok,,6012
hash,100000,2,lookup_miss,1000,0.0006577050000000001,0,0,5867274,ok,,6012
bloom,100000,2,build,100000,0.117298458,,,120446,ok,,6013
bloom,100000,2,lookup_hit,1000,0.0011569590000000002,0,0,120446,ok,,6013
bloom,100000,2,lookup_miss,1000,0.00059904,47,0,120446,ok,,6013
cuckoo,100000,2,build,100000,0.056869583,,,2279907,ok,,6013
cuckoo,100000,2,lookup_hit,1000,0.000364457,0,0,2279907,ok,,6013
cuckoo,100000,2,lookup_miss,1000,0.0003723740000000001,14,0,2279907,ok,,6013
linear,1000000,0,build,1000000,0.289378458,,,56000399,ok,,6012
linear,1000000,0,lookup_hit,1000,3.4809667069999994,0,0,56000399,ok,,6012
linear,1000000,0,lookup_miss,1000,6.8242906240000005,0,0,56000399,ok,,6012
binary,1000000,0,build,1000000,0.445169334,,,56000423,ok,,6013
binary,1000000,0,lookup_hit,1000,0.002316333,0,0,56000423,ok,,6013
binary,1000000,0,lookup_miss,1000,0.002333748,0,0,56000423,ok,,6013
hash,1000000,0,build,1000000,0.564494708,,,58667242,ok,,6013
hash,1000000,0,lookup_hit,1000,0.000564251,0,0,58667242,ok,,6013
hash,1000000,0,lookup_miss,1000,0.0012431249999999999,0,0,58667242,ok,,6013
bloom,1000000,0,build,1000000,1.202313833,,,1198797,ok,,6012
bloom,1000000,0,lookup_hit,1000,0.001207457,0,0,1198797,ok,,6012
bloom,1000000,0,lookup_miss,1000,0.000582124,35,0,1198797,ok,,6012
cuckoo,1000000,0,build,1000000,0.732059959,,,36673595,ok,,6013
cuckoo,1000000,0,lookup_hit,1000,0.00060221,0,0,36673595,ok,,6013
cuckoo,1000000,0,lookup_miss,1000,0.0007116259999999999,9,0,36673595,ok,,6013
linear,1000000,1,build,1000000,0.340250959,,,56000423,ok,,6013
linear,1000000,1,lookup_hit,1000,3.5980645009999996,0,0,56000423,ok,,6013
linear,1000000,1,lookup_miss,1000,6.958682957000001,0,0,56000423,ok,,6013
binary,1000000,1,build,1000000,0.468598042,,,56000415,ok,,6013
binary,1000000,1,lookup_hit,1000,0.0026446660000000004,0,0,56000415,ok,,6013
binary,1000000,1,lookup_miss,1000,0.0025012109999999997,0,0,56000415,ok,,6013
hash,1000000,1,build,1000000,0.555837666,,,58667234,ok,,6013
hash,1000000,1,lookup_hit,1000,0.0005998330000000001,0,0,58667234,ok,,6013
hash,1000000,1,lookup_miss,1000,0.0013851249999999999,0,0,58667234,ok,,6013
bloom,1000000,1,build,1000000,1.351603458,,,1198789,ok,,6012
bloom,1000000,1,lookup_hit,1000,0.001317668,0,0,1198789,ok,,6012
bloom,1000000,1,lookup_miss,1000,0.0006100840000000001,35,0,1198789,ok,,6012
cuckoo,1000000,1,build,1000000,0.740905042,,,36673619,ok,,6012
cuckoo,1000000,1,lookup_hit,1000,0.0005933320000000001,0,0,36673619,ok,,6012
cuckoo,1000000,1,lookup_miss,1000,0.0006817919999999999,9,0,36673619,ok,,6012
linear,1000000,2,build,1000000,0.289978833,,,56000415,ok,,6013
linear,1000000,2,lookup_hit,1000,3.4726907940000005,0,0,56000415,ok,,6013
linear,1000000,2,lookup_miss,1000,6.85952029,0,0,56000415,ok,,6013
binary,1000000,2,build,1000000,0.473158834,,,56000399,ok,,6012
binary,1000000,2,lookup_hit,1000,0.002752544,0,0,56000399,ok,,6012
binary,1000000,2,lookup_miss,1000,0.002732583,0,0,56000399,ok,,6012
hash,1000000,2,build,1000000,0.583053167,,,58667266,ok,,6012
hash,1000000,2,lookup_hit,1000,0.000535625,0,0,58667266,ok,,6012
hash,1000000,2,lookup_miss,1000,0.001165918,0,0,58667266,ok,,6012
bloom,1000000,2,build,1000000,1.269732458,,,1198781,ok,,6012
bloom,1000000,2,lookup_hit,1000,0.001191624,0,0,1198781,ok,,6012
bloom,1000000,2,lookup_miss,1000,0.000582209,35,0,1198781,ok,,6012
cuckoo,1000000,2,build,1000000,0.736114125,,,36673611,ok,,6012
cuckoo,1000000,2,lookup_hit,1000,0.0006004599999999999,0,0,36673611,ok,,6012
cuckoo,1000000,2,lookup_miss,1000,0.0007027079999999999,9,0,36673611,ok,,6012
linear,10000000,0,build,10000000,4.464214,,,560000391,ok,,6012
linear,10000000,0,lookup_hit,1000,35.176704336,0,0,560000391,ok,,6012
linear,10000000,0,lookup_miss,1000,69.230705208,0,0,560000391,ok,,6012
binary,10000000,0,build,10000000,7.087171625,,,560000407,ok,,6013
binary,10000000,0,lookup_hit,1000,0.0040405020000000005,0,0,560000407,ok,,6013
binary,10000000,0,lookup_miss,1000,0.0038962899999999993,0,0,560000407,ok,,6013
hash,10000000,0,build,10000000,6.382084083,,,586667226,ok,,6013
hash,10000000,0,lookup_hit,1000,0.000605294,0,0,586667226,ok,,6013
hash,10000000,0,lookup_miss,1000,0.00154625,0,0,586667226,ok,,6013
bloom,10000000,0,build,10000000,16.936873083,,,11981947,ok,,6013
bloom,10000000,0,lookup_hit,1000,0.0015782109999999997,0,0,11981947,ok,,6013
bloom,10000000,0,lookup_miss,1000,0.000746496,44,0,11981947,ok,,6013
cuckoo,10000000,0,build,10000000,8.695436625,,,290580435,ok,,6013
cuckoo,10000000,0,lookup_hit,1000,0.000709872,0,0,290580435,ok,,6013
cuckoo,10000000,0,lookup_miss,1000,0.000861502,17,0,290580435,ok,,6013
linear,10000000,1,build,10000000,4.474286833,,,560000407,ok,,6013
linear,10000000,1,lookup_hit,1000,35.247593499,0,0,560000407,ok,,6013
linear,10000000,1,lookup_miss,1000,69.548430042,0,0,560000407,ok,,6013
binary,10000000,1,build,10000000,6.993450959,,,560000391,ok,,6012
binary,10000000,1,lookup_hit,1000,0.003728458,0,0,560000391,ok,,6012
binary,10000000,1,lookup_miss,1000,0.0037589989999999994,0,0,560000391,ok,,6012
hash,10000000,1,build,10000000,6.496571583,,,586667258,ok,,6012
hash,10000000,1,lookup_hit,1000,0.000651962,0,0,586667258,ok,,6012
hash,10000000,1,lookup_miss,1000,0.001522501,0,0,586667258,ok,,6012
bloom,10000000,1,build,10000000,17.184040125,,,11981939,ok,,6013
bloom,10000000,1,lookup_hit,1000,0.0018609579999999998,0,0,11981939,ok,,6013
bloom,10000000,1,lookup_miss,1000,0.0009049590000000002,44,0,11981939,ok,,6013
cuckoo,10000000,1,build,10000000,8.772502,,,290580451,ok,,6012
cuckoo,10000000,1,lookup_hit,1000,0.0007882049999999999,0,0,290580451,ok,,6012
cuckoo,10000000,1,lookup_miss,1000,0.0009626259999999998,17,0,290580451,ok,,6012
linear,10000000,2,build,10000000,4.421495708,,,560000383,ok,,6012
linear,10000000,2,lookup_hit,1000,35.056245958000005,0,0,560000383,ok,,6012
linear,10000000,2,lookup_miss,1000,69.012309374,0,0,560000383,ok,,6012
binary,10000000,2,build,10000000,7.140430042,,,560000383,ok,,6012
binary,10000000,2,lookup_hit,1000,0.003589167,0,0,560000383,ok,,6012
binary,10000000,2,lookup_miss,1000,0.0037225430000000005,0,0,560000383,ok,,6012
hash,10000000,2,build,10000000,6.461300583,,,586667250,ok,,6012
hash,10000000,2,lookup_hit,1000,0.0010259590000000001,0,0,586667250,ok,,6012
hash,10000000,2,lookup_miss,1000,0.002520293,0,0,586667250,ok,,6012
bloom,10000000,2,build,10000000,16.845023125,,,11981963,ok,,6012
bloom,10000000,2,lookup_hit,1000,0.0018391680000000002,0,0,11981963,ok,,6012
bloom,10000000,2,lookup_miss,1000,0.0008360410000000001,44,0,11981963,ok,,6012
cuckoo,10000000,2,build,10000000,8.662883708,,,290580427,ok,,6013
cuckoo,10000000,2,lookup_hit,1000,0.000722502,0,0,290580427,ok,,6013
cuckoo,10000000,2,lookup_miss,1000,0.0008559999999999999,17,0,290580427,ok,,6013
linear,100000000,0,build,100000000,54.260426958,,,5600000399,ok,,6013
linear,100000000,0,lookup_hit,1000,346.15024974799996,0,0,5600000399,ok,,6013
linear,100000000,0,lookup_miss,1000,687.9289019150001,0,0,5600000399,ok,,6013
binary,100000000,0,build,100000000,87.499015375,,,5600000375,ok,,6012
binary,100000000,0,lookup_hit,1000,0.005704751,0,0,5600000375,ok,,6012
binary,100000000,0,lookup_miss,1000,0.00566225,0,0,5600000375,ok,,6012
hash,100000000,0,build,100000000,73.75428,,,5866667218,ok,,6013
hash,100000000,0,lookup_hit,1000,0.000862294,0,0,5866667218,ok,,6013
hash,100000000,0,lookup_miss,1000,0.0017885829999999998,0,0,5866667218,ok,,6013
bloom,100000000,0,build,100000000,194.004435542,,,119813862,ok,,6012
bloom,100000000,0,lookup_hit,1000,0.0019251240000000003,0,0,119813862,ok,,6012
bloom,100000000,0,lookup_miss,1000,0.000870707,35,0,119813862,ok,,6012
cuckoo,100000000,0,build,100000000,100.283043959,,,2336145339,ok,,6012
cuckoo,100000000,0,lookup_hit,1000,0.000901665,0,0,2336145339,ok,,6012
cuckoo,100000000,0,lookup_miss,1000,0.001035334,24,0,2336145339,ok,,6012
linear,100000000,1,build,100000000,52.032049083,,,5600000391,ok,,6013
linear,100000000,1,lookup_hit,1000,339.849596085,0,0,5600000391,ok,,6013
linear,100000000,1,lookup_miss,1000,685.3832133349999,0,0,5600000391,ok,,6013
binary,100000000,1,build,100000000,86.880328916,,,5600000367,ok,,6012
binary,100000000,1,lookup_hit,1000,0.004804831000000001,0,0,5600000367,ok,,6012
binary,100000000,1,lookup_miss,1000,0.004642956999999999,0,0,5600000367,ok,,6012
hash,100000000,1,build,100000000,72.649219292,,,5866667242,ok,,6012
hash,100000000,1,lookup_hit,1000,0.000880795,0,0,5866667242,ok,,6012
hash,100000000,1,lookup_miss,1000,0.0018267490000000001,0,0,5866667242,ok,,6012
bloom,100000000,1,build,100000000,196.478328417,,,119813854,ok,,6012
bloom,100000000,1,lookup_hit,1000,0.002064501,0,0,119813854,ok,,6012
bloom,100000000,1,lookup_miss,1000,0.000954753,35,0,119813854,ok,,6012
cuckoo,100000000,1,build,100000000,100.250620792,,,2336145315,ok,,6013
cuckoo,100000000,1,lookup_hit,1000,0.0008872480000000001,0,0,2336145315,ok,,6013
cuckoo,100000000,1,lookup_miss,1000,0.0010233739999999999,24,0,2336145315,ok,,6013
linear,100000000,2,build,100000000,52.152462875,,,5600000383,ok,,6013
linear,100000000,2,lookup_hit,1000,347.1884054579999,0,0,5600000383,ok,,6013
linear,100000000,2,lookup_miss,1000,692.545067959,0,0,5600000383,ok,,6013
binary,100000000,2,build,100000000,89.129496209,,,5600000359,ok,,6012
binary,100000000,2,lookup_hit,1000,0.0064312910000000004,0,0,5600000359,ok,,6012
binary,100000000,2,lookup_miss,1000,0.006312419999999999,0,0,5600000359,ok,,6012
hash,100000000,2,build,100000000,73.239835791,,,5866667210,ok,,6013
hash,100000000,2,lookup_hit,1000,0.0009452919999999999,0,0,5866667210,ok,,6013
hash,100000000,2,lookup_miss,1000,0.002101751,0,0,5866667210,ok,,6013
bloom,100000000,2,build,100000000,194.000637,,,119813846,ok,,6012
bloom,100000000,2,lookup_hit,1000,0.0019537929999999997,0,0,119813846,ok,,6012
bloom,100000000,2,lookup_miss,1000,0.000964248,35,0,119813846,ok,,6012
cuckoo,100000000,2,build,100000000,100.32830925,,,2336145331,ok,,6012
cuckoo,100000000,2,lookup_hit,1000,0.0008612930000000001,0,0,2336145331,ok,,6012
cuckoo,100000000,2,lookup_miss,1000,0.001019584,24,0,2336145331,ok,,6012
